<kmodule xmlns:xsi="http://www.w3.org/2001/XMLSchema-instance" xmlns="http://jboss.org/kie/6.0.0/kmodule">
    <kbase name="rules" packages="basicRules">
        <ksession name="basicRules"/>
    </kbase>
    <kbase name="cepRules" packages="cep">
        <ksession name="cep"/>
    </kbase>
    <kbase name="forwardsRules" packages="forwards">
        <ksession name="forwards"/>
    </kbase>
    <kbase name="backwardsRules" packages="backward">
        <ksession name="backward"/>
    </kbase>
    <kbase name="reportRules" packages="report">
        <ksession name="report"/>
    </kbase>
    <kbase name="templateRules" packages="template">
        <ksession name="template"/>
    </kbase>
</kmodule>