<kmodule xmlns:xsi="http://www.w3.org/2001/XMLSchema-instance" xmlns="http://jboss.org/kie/6.0.0/kmodule">
    <kbase name="rules" packages="rules/basicRules">
        <ksession name="basicRules"/>
    </kbase>
    <kbase name="cepRules" packages="rules/cep">
        <ksession name="cep"/>
    </kbase>
    <kbase name="forwardsRules" packages="rules/forwards">
        <ksession name="forwards"/>
    </kbase>
    <kbase name="backwardsRules" packages="rules/backward">
        <ksession name="backward"/>
    </kbase>
    <kbase name="reportRules" packages="rules/report">
        <ksession name="report"/>
    </kbase>
    <kbase name="templateRules" packages="rules/template">
        <ksession name="template"/>
    </kbase>
</kmodule>